video,n_frames
v_SjP2LnPSpS8.hdf5,5247
v_uyBGDfYo0qE.hdf5,2004
v_hvhny4-sI-w.hdf5,1578
v_bKec2fA5RZ8.hdf5,5437
v_WUcjqCvYfQ0.hdf5,4511
v_ESlUzrtqC98.hdf5,2582
v_ML0XZMcKk_E.hdf5,3750
v_gyCXP8w8GRA.hdf5,3054
v_GdkZLDpwk2o.hdf5,1080
v_a74RMGL_c8E.hdf5,958
v_n96adnrNnno.hdf5,3619
v_aB5xErksFkI.hdf5,449
v_TxiLjdHoXU4.hdf5,3812
v_pIv2jZdHP0k.hdf5,13450
v_PpC4kPd5KfA.hdf5,4385
v_hPIHCG5n7RI.hdf5,3165
v_OxZDfLtnTvc.hdf5,1057
v_chmegNbBTNc.hdf5,5408
v_UlddctIswqo.hdf5,4766
v_m6YWqN_nBTQ.hdf5,1818
v_dUBkspFNj-E.hdf5,4785
v_yxaYVPa4zXY.hdf5,3758
v_zc7_D9RiOY0.hdf5,1992
v_L0K-WJuI1-I.hdf5,4089
v_er5jUsRr4y0.hdf5,3579
v_ejIEsnkvLWY.hdf5,5694
v_kqVIHq94kgs.hdf5,2307
v_o6lTgyb_AkM.hdf5,5158
v_qxmrH20IA2Q.hdf5,157
v_Qt2ktBj1l-Y.hdf5,2420
v_o4uymxrCKeo.hdf5,380
v_dRqbDamDLT0.hdf5,5483
v_yw1IZdbEzck.hdf5,2632
v_mOTaXxGKUsw.hdf5,5779
v_hRMSh7vUmGY.hdf5,3491
v_Vh4TxFOCNM8.hdf5,1725
v_yaWwad6WXVY.hdf5,5770
v_qRmaZNDyDhA.hdf5,4996
v_UVxXr_mh5BM.hdf5,5888
v_DZVJtWJrWTU.hdf5,5654
v_dcclQadR-L0.hdf5,1156
v_qaml4eEk9hY.hdf5,1727
v_mglEC2-MH14.hdf5,6744
v_heLlfK--Bx0.hdf5,2422
v_MOBJ_kpzHc0.hdf5,5678
v_WUSEdPfHPoY.hdf5,3172
v_6dJrQV3Jzbw.hdf5,4873
v_nB90Q8sTBgE.hdf5,6303
v_VTmGlaJABNA.hdf5,5920
v_l2MB-KxbVEs.hdf5,1303
v_ZO8ValsY3rE.hdf5,3217
v_-KbDXeEoQ1E.hdf5,6204
v_Qos-Lzt5U6M.hdf5,3608
v_Mno1JV_6y_M.hdf5,5405
v_ZJKwP17_gww.hdf5,754
v_ouKsBHHEnYc.hdf5,2554
v_1GQARL4coRo.hdf5,3529
v_gYvYh9aMohY.hdf5,6029
v_94lnTGe5xU4.hdf5,2655
v_fJyxb59mA-A.hdf5,1643
v_iBz_YrU-T80.hdf5,5062
v_TspdPLMqTx0.hdf5,5063
v_D84XQFQ4tsU.hdf5,2278
v_JwdW7Tlc4gs.hdf5,4488
v_1OLKg-G9TDQ.hdf5,3785
v_nB0JECwGK0c.hdf5,5798
v_NpfdyZntPbg.hdf5,6670
v_AJ15GW-sS5M.hdf5,4447
v_E0DbrJVJUho.hdf5,5529
v_1FxlkazrYaY.hdf5,4751
v_tcUet_leWUE.hdf5,863
v_yEtwO77xQC4.hdf5,5078
v_3DCGDf3lBy4.hdf5,4056
v_IiG80Vp4WyY.hdf5,5055
v_O1XzCrHZm34.hdf5,1020
v_JyjONoyBr4Q.hdf5,5163
v_1sTTv-XC-RA.hdf5,1401
v_CRdgzvZxB8A.hdf5,2222
v_g0B_4IlLn3g.hdf5,1093
v_Svr-YN9ujkA.hdf5,6752
v_exxji9vqjSw.hdf5,4639
v_-n0F3QTuxug.hdf5,457
v_XxyTLG8B-Ns.hdf5,4321
v_cbR34GknrBs.hdf5,492
v_IFPYE5tCOFw.hdf5,1650
v_6RZsrNf3SgM.hdf5,6322
v_A-Oz6mBBBZQ.hdf5,759
v_dZZE8HI0OBE.hdf5,393
v_meAHw06Mh-Y.hdf5,3530
v_oHR5-JjR-Tg.hdf5,705
v_5DhbyYavYp4.hdf5,7034
v_8oI4xGqkzSE.hdf5,6118
v_LfMnWmwQBpI.hdf5,5581
v_q4jeW0iSA9Y.hdf5,2464
v_whcxrkF2hws.hdf5,6172
v_WhYyvKiwLc8.hdf5,1606
v_aR5pR5tR1bw.hdf5,498
v_GfiqDJA-qqU.hdf5,5715
v_uCLUexLKpnU.hdf5,372
v_wLXty2wzuJg.hdf5,2736
v_LbXhdPZakpo.hdf5,759
v_1uYv7kTOfCE.hdf5,3302
v_ysbUc6WS12k.hdf5,1788
v_JH31FxBZ5Xw.hdf5,3456
v_2aw1pVJsnKs.hdf5,2342
v_AX2KQGWXg1E.hdf5,5576
v_Ig_AvatvYrk.hdf5,6968
v_8zq6C0SRyDQ.hdf5,4326
v_ymwMEUuXygs.hdf5,5344
v_X7f-hwiYZ1Q.hdf5,5031
v_Tm0jUAQf6zY.hdf5,1193
v_hgpekgU915k.hdf5,408
v_gFv3PrFkeL0.hdf5,1690
v_rNb4Jz_t9F4.hdf5,4484
v_wJNYaRkVQfA.hdf5,257
v_U8SmnfsEzOc.hdf5,5660
v_7dXqXFoju2M.hdf5,2374
v_52grVhaCfuU.hdf5,2481
v_eI_LceS_qnQ.hdf5,3703
v_AjPT7Eki3AQ.hdf5,5811
v_NE-xkW0byCM.hdf5,3720
v_X1MbVBqHFOk.hdf5,1867
v_SeVftOMjNMM.hdf5,386
v_fU4EgYmISro.hdf5,949
v_U20a95sHi8E.hdf5,2574
v_AeefhelpxGA.hdf5,1047
v_rXgxlwrRFTg.hdf5,877
v__B2kFN9MfwU.hdf5,4226
v_UO9bRJmfMzI.hdf5,6461
v_nmUJ2GfVkKY.hdf5,4409
v_gr53ih2aFkE.hdf5,4028
v_X82bc2v5kcM.hdf5,2788
v_Bdpqtvdx2T8.hdf5,3217
v_fBlvOzfFq-k.hdf5,2217
v_vWGkTOLx57s.hdf5,1981
v_L2J_QI2_qms.hdf5,4270
v_Lmne5ZF0McI.hdf5,1372
v_xQcJ8gTPRSU.hdf5,4963
v_KAbo60mowhw.hdf5,6587
v_WiGOn6O-S1g.hdf5,468
v_-EIsT868Trw.hdf5,4735
v_UhgVO1QaP2s.hdf5,4989
v__O6ONcIPR_s.hdf5,1001
v_YOk1cMsyk88.hdf5,3587
v_94bJbSWNw3o.hdf5,1410
v_5yGj9JooT_Q.hdf5,1258
v_Bgi2Y85Mbwk.hdf5,5976
v_vruB4ViPGuE.hdf5,538
v_vNMBtwYDH9E.hdf5,3120
v_3FZ47muWIYA.hdf5,4814
v_v-LmMLpvsbk.hdf5,5603
v_eoOzE3cpqVg.hdf5,1550
v_J3DxJ8gI95U.hdf5,4037
v_9Zn0zErRckc.hdf5,689
v_aR05GUXDiYg.hdf5,3585
v_eoSwoeLmeyQ.hdf5,899
v_Q_W0GL3ljUY.hdf5,4978
v_hwY9jvSjC9I.hdf5,2784
v_CkE-dOzXddY.hdf5,5202
v_1BWF1U1dJ_w.hdf5,2538
v_jmS3NFo4XCc.hdf5,1171
v_nAkA1HfRwF8.hdf5,1058
v_EK7qW-oavQY.hdf5,1551
v_YoDlwg4eAEA.hdf5,3009
v_UAFIstY4a8Q.hdf5,4222
v_ZgVmS-AhYgA.hdf5,4573
v_JkZZvDHTty4.hdf5,3573
v_HuUIIKA3o_A.hdf5,5799
v_eyBSKNXo6Vo.hdf5,3739
v_I637SOXSbHY.hdf5,1725
v_xxzNNwzKSAo.hdf5,4555
v_tP0viuKibJU.hdf5,185
v_3boxQwSpv-8.hdf5,900
v_sQZaEt-ssCs.hdf5,2614
v_FNHoSA0hLgM.hdf5,1883
v_iH659QSrcDc.hdf5,582
v_YW3mCNKVaa4.hdf5,1292
v_A6rMOyqUm44.hdf5,283
v_uDs0wOnwaAM.hdf5,6374
v_KRGiJIHSd9E.hdf5,5677
v_JmL6BiuXr_g.hdf5,3526
v_YCHmXwLhs3A.hdf5,5124
v_6OLIr7E0eHA.hdf5,1686
v_H_dERoTis5Y.hdf5,3121
v_P06Slwn3JG0.hdf5,982
v_0df62FHrMT0.hdf5,588
v_B4LYBLihttQ.hdf5,4655
v_gPtpPiea0iQ.hdf5,1432
v_CqscMsSNiNY.hdf5,5879
v_H9PaZiWLgXU.hdf5,5590
v_VdY1Shdks6o.hdf5,2462
v_3vYwSm6B_u0.hdf5,3768
v_m7v8AUpPZes.hdf5,5330
v_nDGhaYCgRiI.hdf5,5290
v_Mzt-E6pxuUI.hdf5,2076
v_tSR4Pj_muN0.hdf5,1148
v_arhhcCWkAoM.hdf5,1903
v_oXh-7Uff1jQ.hdf5,551
v_mnv-Qz4QDfU.hdf5,2760
v_e4AIrRnWakA.hdf5,6076
v_r1ZhBGLfRWY.hdf5,420
v_HadTAlDM5YM.hdf5,3899
v_gyQ3NBwXhDU.hdf5,5201
v_sV4vBuWGJng.hdf5,1753
v_QuEHZ2Y3H40.hdf5,2567
v_-DaX_1bBNAo.hdf5,679
v_WPM0vuERyfc.hdf5,794
v_NyNuB328oi0.hdf5,1001
v_FGdCWm4gI3M.hdf5,6835
v_lLHAzwAs_9I.hdf5,5905
v_36lphp9tnMk.hdf5,4537
v_kN2ZNcn241g.hdf5,1200
v_GAS3NRYiLiI.hdf5,5593
v_buBtMl9SUNk.hdf5,6933
v_ak8MVjE2p3Y.hdf5,2044
v_aj2cioE_yG0.hdf5,6780
v_VA8SXILXTj0.hdf5,6429
v_UAEZC2C2fYc.hdf5,1504
v_f--wWfsr0zA.hdf5,2611
v_aZQWCEejbk8.hdf5,653
v_xCplsH6deic.hdf5,2191
v_uaBTWbu0jps.hdf5,1200
v_Vkf3eEsHWOY.hdf5,3622
v_EQrcCmgraa8.hdf5,1053
v_L7dH-I2qLU8.hdf5,2997
v_EsOajUNpEzU.hdf5,2182
v_vgC8jB2FhAg.hdf5,4575
v_MpGK4SjpuGY.hdf5,657
v_c1eUdyyT4zg.hdf5,805
v_M9og58TMAm0.hdf5,3559
v_uHmoFLB-PLc.hdf5,710
v_Yu18MvEn-To.hdf5,2473
v_T1T3UvwZcKU.hdf5,147
v_hXaydigjzDE.hdf5,1980
v_pF7z3Z_JSGk.hdf5,2863
v_M2pxaQiBbXA.hdf5,2381
v_0bjHe_5nACw.hdf5,3734
v_W1krUTxgsMc.hdf5,3592
v_TcoSgl3qiHU.hdf5,6350
v_tES39s-LJsQ.hdf5,2500
v_bUfhRJjHNoU.hdf5,5756
v_eEBiomp_9tQ.hdf5,719
v_nfjIQXyL7_Y.hdf5,346
v_eEfvYiuGULM.hdf5,4085
v_rGFhqcxeVIg.hdf5,3171
v_YXl4cEB7E3Y.hdf5,574
v_YPSV5JEqhBw.hdf5,2972
v_LFOlEafI35c.hdf5,480
v_AZv1pI1YESM.hdf5,1847
v_aDaazrgvjJg.hdf5,696
v_93bg_XU3OTg.hdf5,4182
v_0RUs80IYF38.hdf5,709
v_4R37E4Kevs4.hdf5,789
v_b2YyPJ02NNQ.hdf5,3341
v_sRMrtzg0nwU.hdf5,2750
v_G7zChU3ma0M.hdf5,1862
v_Boa880LnJ3w.hdf5,3263
v_GlJ4DvArV6Q.hdf5,3339
v_-9dlY4JGGR0.hdf5,4357
v_54TIARWo-S8.hdf5,875
v_Df7AnfIEhYw.hdf5,162
v_wG0OD99mjdY.hdf5,3572
v_6tzQ5-VBgVU.hdf5,4781
v_mAfp5ABlKyM.hdf5,1062
v_fNuBBkigydA.hdf5,1407
v_XsqslHC79FQ.hdf5,7133
v_qp3OfC0dCOs.hdf5,3228
v_QKXh-onHFIM.hdf5,535
v_00KMCm2oGhk.hdf5,944
v_Ptw9hFDV4ow.hdf5,3108
v_NBXH7A2EO7Q.hdf5,3001
v_B5Ea3Bs8hC4.hdf5,1469
v_MLU2wreEGIg.hdf5,594
v_iVGGeRlJekQ.hdf5,3081
v_LvNPoXWFHWQ.hdf5,3257
v_VpiAoWvJhB4.hdf5,6769
v_WCCkmuFrSQ0.hdf5,2784
v_0_9_HIvxNMw.hdf5,5944
v_qakxXmFvFy0.hdf5,1457
v_l_T3zfRQhic.hdf5,709
v_YAjqqbSsFTg.hdf5,4437
v_SdsoRu3953g.hdf5,5564
v_28rFeoIxM4M.hdf5,2837
v_0LJ1mSpqGJg.hdf5,4609
v_kpAwQpA1nPs.hdf5,5424
v_hPhmxNbqqcs.hdf5,508
v_98OypfeTKEc.hdf5,1231
v_pDuceHUHFt0.hdf5,4700
v_akMN3uX51Ws.hdf5,2781
v_PXvqhB91EkA.hdf5,1576
v_7x_1tRem1gA.hdf5,1758
v_y0ca-LbQErY.hdf5,1939
v_uaIu2yDmhNU.hdf5,1090
v_El_q7DhzArg.hdf5,122
v_YYmx8EHIjAE.hdf5,1165
v_PJdE8Ui2eno.hdf5,4415
v_iNhoeDq_EBQ.hdf5,4336
v_t3zAh4NBVko.hdf5,736
v_gUNBEOi-Fug.hdf5,2566
v_aYSJn94g_Io.hdf5,2443
v_tElXd9QahbU.hdf5,506
v_FUvUDCZxAO8.hdf5,4192
v_FRX4LTw9650.hdf5,3902
v_FoT7T-CG8BM.hdf5,5440
v_thhFfqcOfJQ.hdf5,4191
v_j4Ru2L4u0Qk.hdf5,2283
v_dyobp97TugE.hdf5,4513
v_iwHZqcYwZYU.hdf5,283
v_r4QPhlrqqP4.hdf5,4241
v_QY3q4DuiGq8.hdf5,540
v_8_jbsmj5Z9w.hdf5,3145
v_AUwam1VhQm0.hdf5,2622
v_kLflIBGCNrc.hdf5,3054
v_v_UmAH95xls.hdf5,3510
v_qAXE_vqt56g.hdf5,764
v_i3u27-oJzBY.hdf5,3716
v_wVahCLOq4s0.hdf5,4957
v_3lsq0a5FQfc.hdf5,5793
v_K-r_Tj7uFGw.hdf5,900
v_meNgZdu8tIk.hdf5,4827
v_eF1fbnVguUc.hdf5,714
v_mS7SAG1nW1o.hdf5,1834
v_p3-tF0riSpQ.hdf5,2638
v_Ydep68S6ViE.hdf5,2880
v_WreRcthWXv8.hdf5,4662
v_0_xap_BBDrw.hdf5,1436
v_Gms3Yt6RrV4.hdf5,4469
v_KrHpGJBzjJk.hdf5,2284
v_YNnyUVFE4uM.hdf5,1807
v_38wV6msixSE.hdf5,6540
v_xIG7FQWBWZU.hdf5,837
v_1ioKX0iuico.hdf5,5308
v_FNlEHAIh6LQ.hdf5,4166
v_rJpFVvho0o4.hdf5,5018
v_WhBnR7yIvJc.hdf5,1050
v_zMWhT5Rv6WE.hdf5,4619
v_pCUun9uE3h8.hdf5,2437
v_JGRpVcxltKE.hdf5,5165
v_Ld2a5ogu9k8.hdf5,1080
v_ReumF9EcX7c.hdf5,5899
v_8Yi308KEGw0.hdf5,1651
v_kkji9hespu0.hdf5,5719
v_I-1UKECfQko.hdf5,2640
v_SEZvtGus0HU.hdf5,4939
v_-DpnaHTk8PA.hdf5,6280
v_INmaUkmVK24.hdf5,505
v_k5wY4N61bzU.hdf5,4798
v_8OCTuqJVToU.hdf5,3586
v_PaPR1XQU0_A.hdf5,6053
v_Rokj1EIAHHk.hdf5,987
v_1lagsBNqNe4.hdf5,4904
v_cTxVTEzQDr8.hdf5,5564
v_3xEonDbWxTM.hdf5,3249
v_KCxa27MM7Cg.hdf5,1120
v_yt0K2HWC0WI.hdf5,5895
v_yslrb52Di5w.hdf5,1280
v_qCtoh8hxjOA.hdf5,766
v_gfwSnetklbE.hdf5,3567
v_P-04xkAdWSY.hdf5,902
v_2zohqWPmeQU.hdf5,2771
v_owLQzBg4olo.hdf5,908
v_oLEagb_RGq8.hdf5,547
v_aQHGZzqZLxs.hdf5,3608
v_OzXD3WO6jrs.hdf5,1975
v_k_gjsTv-jy8.hdf5,4558
v_-5c9WHk408g.hdf5,3560
v_4wiLmu1yTZI.hdf5,3022
v_V44vW_JrDow.hdf5,1494
v_K2qRHJ7P6Cg.hdf5,4819
v_IQGg87yZZjs.hdf5,4971
v_M30w7UiD8Ac.hdf5,2418
v_6KXVjADefBY.hdf5,3994
v_EM4FVYEFQRc.hdf5,1521
v_FNLPN4yftWc.hdf5,4797
v_-sd2XAFkeC0.hdf5,6916
v_-EswFKNXjMo.hdf5,1489
v_NjD6iWI3NvM.hdf5,1548
v_bXT72HACH4I.hdf5,5044
v_h4phcAYe0aE.hdf5,889
v_CDWHstJThJA.hdf5,6464
v_0kfJ7Lu4tvo.hdf5,5537
v_Snw8Jf1DQwg.hdf5,2529
v_2tf414bkudE.hdf5,5772
v_bBRzBh0gAZQ.hdf5,2172
v_psgIH8U1adg.hdf5,3627
v_ga_pm6X1zUQ.hdf5,1432
v_Hv6LHoTM9mU.hdf5,196
v_bgAmrgXf500.hdf5,1767
v_PBxI7l0AqAY.hdf5,3691
v_uqd8A4iJ6Bo.hdf5,3417
v_FmLxc-aNh88.hdf5,2411
v_iGOGz6M_zcE.hdf5,1031
v_gXp3KSWhf1g.hdf5,5619
v_-zIN0_GSaWM.hdf5,2295
v_5rw6n16ILgY.hdf5,4659
v_kDj0WKEI-i8.hdf5,6682
v_asLRIsN6wLQ.hdf5,4644
v_9_7Z6Nhkzx8.hdf5,5887
v_xor90CAOc94.hdf5,2209
v_mD0aPovD2qw.hdf5,5171
v_7n1L0evoi34.hdf5,2501
v_VOGF4tBFEuw.hdf5,899
v_1PQiq8zajCE.hdf5,2611
v_oD45QIOK4z0.hdf5,6374
v_oYmE833AO2w.hdf5,4456
v_sEcXR5b8HyY.hdf5,5799
v_H8ddGMpqBSw.hdf5,3746
v_LrputIUn4oY.hdf5,2101
v_gsJ953MHtpY.hdf5,6437
v_NvKPIvDjpsg.hdf5,1102
v_ZlHaPkhGr_g.hdf5,5776
v_FmugQfHQ4p0.hdf5,2051
v_DW7Zm9DzEDk.hdf5,596
v_q_IyXRFSV-A.hdf5,2625
v_Po3-9ktM5Do.hdf5,4454
v_oKJ1BnvHbbA.hdf5,850
v_avxSMcGBdG8.hdf5,2735
v_3D4Cdc3pDrs.hdf5,6191
v_dKJMP8EmZjw.hdf5,3769
v_f9Bo4yVcnDE.hdf5,1941
v_WL4iqWa_1Z0.hdf5,1199
v_xbcP38aF5Ok.hdf5,5288
v_xE5KichXWrA.hdf5,3319
v_lPJkzW5mEqg.hdf5,2758
v_FQcbPesIO3c.hdf5,6616
v_CvbBSwz-9XI.hdf5,980
v_5asz3rt3QyQ.hdf5,5651
v_xKPF_SpZ1gQ.hdf5,430
v_yHXZZEucV1I.hdf5,5032
v_P1Ve5WrfTb8.hdf5,2364
v_dsgQVrJi71g.hdf5,3686
v_ksNvNH4fpdo.hdf5,456
v_3dAJEnMn6QA.hdf5,5520
v_UGujWA07GkM.hdf5,3101
v_9xOUoTQLea4.hdf5,6792
v_8iTz6Jy3lJg.hdf5,4532
v_oO6jZR9Aijc.hdf5,3813
v_S6VgTNGiIkg.hdf5,7059
v_IkbEC202hYg.hdf5,4607
v_8xsLp6lqijo.hdf5,3810
v_exc6YVfF940.hdf5,4279
v_8nyOw9vBh2E.hdf5,2377
v_EwEV5_sHGJk.hdf5,3060
v_toOQD4oLneA.hdf5,4732
v_-t2ikmhg9_w.hdf5,5829
v_Te1d8H4VWYw.hdf5,457
v_D3d3CkKm2b4.hdf5,2135
v_4uKoAk5NCkI.hdf5,1858
v_Z5DKoX7wx0E.hdf5,4213
v_S_CnkpTkjYQ.hdf5,4804
v_-cApkmTI3F8.hdf5,187
v_AtZEyAZuSVM.hdf5,2175
v_ZeugCIqbsD4.hdf5,1462
v_qcsGJTJstZ4.hdf5,925
v_P7kSJ8SRNHQ.hdf5,1225
v_1YU4MSK80cQ.hdf5,479
v_j82E082KJSw.hdf5,5776
v_CtooIi6Mk7U.hdf5,4870
v_8EDq3cjHhz0.hdf5,5695
v_071ZYjqfq3o.hdf5,1866
v_yEn-5y95DI0.hdf5,1695
v_2fzIi1lPd8U.hdf5,710
v_XgbTh1BCciA.hdf5,1943
v_JZDTcGPKw2w.hdf5,5851
v_Yz7FjWlA6U4.hdf5,6982
v_XKpx9fyNINg.hdf5,5839
v_yai74Fw-j24.hdf5,3456
v_tFAcBYp3o0w.hdf5,1176
v_Xj--zKhm6k4.hdf5,889
v_X3Nr9Gj6JR0.hdf5,3169
v_ZwK52lXCbhA.hdf5,4444
v_wIthr5w6RV4.hdf5,2277
v_JoZYs4Q3LG0.hdf5,6129
v_p3PEMCN4h_g.hdf5,2331
v_QV2QXt6eDdI.hdf5,922
v_5K7V1uJEYFM.hdf5,429
v_zE8dA1_QKZg.hdf5,6097
v_XlR3u3bROWM.hdf5,4027
v_bmc11KqVbEE.hdf5,2935
v_RX8YG2zlyUo.hdf5,2558
v_Gs79qz286QE.hdf5,2795
v_iqe_HmjojQ8.hdf5,256
v_cqHWqXRkUfU.hdf5,2435
v_LG7p5JrgMfE.hdf5,4032
v_9PvtW0Uvnl0.hdf5,1538
v__wo35butdOc.hdf5,495
v_kj8L5yu-fGs.hdf5,6883
v_7V1ZHZRHFrg.hdf5,3116
v_JErW7ISPd0U.hdf5,1805
v_iVgPP9Aq1Gs.hdf5,6267
v_PIr3WhkKB1o.hdf5,4117
v_j4YrzUjxAp8.hdf5,959
v_8TDqnzrHE8c.hdf5,2106
v_7Sfl-Fmr_3E.hdf5,1779
v_CpTIytatsno.hdf5,2428
v_mf6UsZuW9Nw.hdf5,1584
v_7eR0DyDg7wQ.hdf5,1594
v_FBL7iWMmTHU.hdf5,6457
v_f_BzYUCp4J0.hdf5,5347
v_i5-OVkjT0nM.hdf5,6046
v_mOVPZhGyUrs.hdf5,2033
v_FmDGejzydo8.hdf5,6111
v_NcTZ3wgdNOQ.hdf5,6359
v_6LADh__9LUI.hdf5,1959
v_3UOWHwwxczI.hdf5,1928
v_je5KvCND9xo.hdf5,2839
v_hpoReoD1vD0.hdf5,1976
v_yweAN9o4QYI.hdf5,527
v_kYfewEkkBf4.hdf5,2194
v_E7OCzz_XuiI.hdf5,4967
v_Lm4oeMdqOgw.hdf5,2430
v_T3dcZ5GT1qQ.hdf5,2846
v_Kl9jdsVmB2A.hdf5,2635
v_jsu65VwKf74.hdf5,3648
v_-v9YLmGCYO0.hdf5,2164
v_Z-6dR4H2dns.hdf5,4792
v_VuiuqKX8srs.hdf5,3712
v_NKQehrewXlM.hdf5,3414
v_-npRRmY2wBs.hdf5,3434
v_15Yf7NIDLtM.hdf5,3881
v_-IMXSEIabMM.hdf5,3786
v_jCyrQzXK4eI.hdf5,1593
v_UZBHdQZc0ZM.hdf5,3992
v_Ifcm-8vzRU4.hdf5,4885
v_SaBcTNvRA6g.hdf5,4271
v_2NAbdlHXcTI.hdf5,632
v_EF74-5YIhAk.hdf5,1337
v_dO01vfB9z4g.hdf5,3839
v_2wC0d2XUses.hdf5,925
v_T8wY9ZQv8vQ.hdf5,4393
v_teIE_kXbMiw.hdf5,3230
v_UlGX-5x0Mak.hdf5,750
v_CuyMHCcxqNc.hdf5,4785
v_zyh16NahocQ.hdf5,5951
v_Koxtbgzexmw.hdf5,380
v_9XyrLUWZl40.hdf5,502
v_Ca5GNndwnHw.hdf5,4327
v_b7KUDaXZTfU.hdf5,3488
v_-r-4Ncgbj8E.hdf5,1435
v_-c71seS8bWk.hdf5,6393
v_P4Z4sQNQtJM.hdf5,6276
v_VoQ2VhCqir0.hdf5,4514
v_zi_TdMQffkU.hdf5,1290
v_nypZiLC1_Z8.hdf5,3688
v_ibHRKaD5MbM.hdf5,412
v_lq20hEghHtU.hdf5,5625
v_InHt3sukfeg.hdf5,4369
v_qbGml8XLhz8.hdf5,4980
v_WgJy8seQ7z4.hdf5,846
v_zm8gZpwZkRE.hdf5,1823
v_JRg3W4xKvJI.hdf5,5443
v_ac1DjqY4xHs.hdf5,914
v_we6Ddq1ABcQ.hdf5,2040
v_yWCEDAQvhzA.hdf5,4277
v_2FKWKDEg5KE.hdf5,6132
v_Cm8hWFFA16I.hdf5,6196
v_nUghBtcrTPA.hdf5,3855
v_Ecp2ZEu882E.hdf5,771
v_AoyoL-921Ws.hdf5,2183
v_PCoxnf59j5U.hdf5,5105
v_iAWXaWo82u4.hdf5,1303
v_RM5ywQYztnM.hdf5,149
v_mvQxhjjVWOk.hdf5,5288
v_YjE1by2PX08.hdf5,1824
v_JD6SB3k9GkY.hdf5,4854
v_9lS5qpgrTmI.hdf5,4314
v_5mWZY2XkWSQ.hdf5,730
v_aHKZIUD3wPI.hdf5,835
v_sORYi-Xpj0U.hdf5,1065
v_2v4Pjfd4UYw.hdf5,1989
v_VdGZfI-8RuA.hdf5,5530
v_9tAyfaBGwyg.hdf5,4020
v_eeD2_hKG7zE.hdf5,2227
v__uTNqQhQA9w.hdf5,2783
v_8K4cX9GfaII.hdf5,1706
v_0T14tLwBafQ.hdf5,1151
v_l6_QM53dI5s.hdf5,5269
v_sxQbiXWFdKs.hdf5,4105
v_5T_P4x0q0VM.hdf5,684
v_CYG4TdmZn9c.hdf5,663
v_IsVpeZoK5FI.hdf5,2115
v_LTPrtyWIcA4.hdf5,3914
v_2gc7pCOg-NE.hdf5,4664
v_iR-0hVp5ISY.hdf5,2215
v_JKFxKhCQPUs.hdf5,1374
v_IaSMwUYheOs.hdf5,5100
v_whP6aYxUklU.hdf5,750
v_1bcm3LHTI_w.hdf5,3237
v_peaOnHl5YS8.hdf5,1386
v_QBJelFFVJu0.hdf5,2309
v_6Ni6csyQbzw.hdf5,2217
v_H50kgN8JkrQ.hdf5,2382
v_IujbHw7SXJE.hdf5,3825
v_9Dr3VuYqkx8.hdf5,6660
v_fN2DiOswmOA.hdf5,5549
v_1UIhgxQXcfI.hdf5,5390
v_FzWsQ1W_NKM.hdf5,1807
v_sX8Rr1o4XWM.hdf5,2240
v_RKUEXxnXrm8.hdf5,4438
v_TgDzZIop_uw.hdf5,1504
v_7eL_xnoyYco.hdf5,5489
v_9R8QRLKPJs8.hdf5,405
v_qWgF9hxNbP8.hdf5,534
v_yUvSujxnFE0.hdf5,2382
v_M1hPI8WvySo.hdf5,6697
v_XbkGlZTlixw.hdf5,3725
v_Sar_kHdgjYQ.hdf5,746
v_D9hS68pULz0.hdf5,5065
v_ZQU0p5OKC04.hdf5,276
v_Bs3OMhhUlY4.hdf5,453
v_3TsNntqwbSQ.hdf5,1297
v_DvIng_zQPyY.hdf5,5991
v_mdXSm8Yr6aU.hdf5,3600
v_8d7FyPzxzjg.hdf5,3939
v_MHw7mYxeSY0.hdf5,5555
v_MyMYuXh8E0Y.hdf5,6713
v_UyqM2sglj1s.hdf5,5943
v_zSCZphJS2vA.hdf5,2422
v_wott7JRSkOk.hdf5,134
v_fy7vTpeBN_U.hdf5,3181
v_YYpeT1sH_m0.hdf5,3558
v_W6H9iZgobyI.hdf5,1900
v__MR8G1jwM4o.hdf5,6045
v_JM7YQFgxu2I.hdf5,1144
v_agX22QLvOcU.hdf5,1730
v_OApnN8Jw8Z0.hdf5,851
v_1ItX1KBmkLE.hdf5,1795
v_2Peh_gdQCjg.hdf5,3537
v_gc04Okw4DTs.hdf5,4256
v_NTKUu3gpIr8.hdf5,2976
v_o1DCCTev0CQ.hdf5,5376
v_-wFNUGYf298.hdf5,5601
v_H0l29-F7Edg.hdf5,1224
v_YrBVLdz09HA.hdf5,4653
v_USYy2DpAIyk.hdf5,526
v_ACnOpQNrhqs.hdf5,5671
v_NM4nBojCSwQ.hdf5,2245
v_ml4aMGCJgP0.hdf5,4547
v_OXTQsO5abO4.hdf5,578
v_U697zTxxDHM.hdf5,2868
v_xhyCKLKaG0c.hdf5,1423
v_XlSmrSegTME.hdf5,729
v_p4MMyVArVc0.hdf5,3242
v_hP8wUI0qdaQ.hdf5,4854
v_fkUnZB6NTT8.hdf5,4774
v_pS-BoCsMcpQ.hdf5,3940
v_9ukVV07rszg.hdf5,4841
v_XqW8wjFpGRU.hdf5,2247
v_OjQHQptSXk0.hdf5,3362
v_M7MDkkGdkas.hdf5,1232
v_vPcH4j7DhRk.hdf5,4435
v_75cjK13ylJM.hdf5,6684
v__Yt94ffXcCE.hdf5,2416
v_RW6jDO5QmPI.hdf5,784
v_OSndW3d2XxU.hdf5,141
v_kBTqTp0SKq8.hdf5,1180
v_-KGo1Xq3wQ8.hdf5,2293
v_cAGABdvv5u8.hdf5,6577
v_UkA6pgt29VI.hdf5,5665
v_pu-2w-UxdYg.hdf5,4069
v_fZQclIXmRHE.hdf5,2194
v_HUxoNWi1qjs.hdf5,4641
v_qJdn48DsMXc.hdf5,1853
v_uN8lcRwsBno.hdf5,4963
v_kF9Pfa9EkDI.hdf5,1617
v_yGwevg8vwuU.hdf5,4312
v_tIaNvRDp0eE.hdf5,1709
v_BfnM0eyjB5Q.hdf5,4449
v_GtfngouN8xs.hdf5,2097
v_Gq8-XVrlAt4.hdf5,5191
v_GZjNt2TsChs.hdf5,1935
v_jv70BvlA-jI.hdf5,2355
v_8kaQq1mR2ys.hdf5,4964
v_aTrEYoCRL2k.hdf5,7083
v_G-zVpNXq224.hdf5,5757
v__HMwzNA9DNY.hdf5,2399
v_uGVkH6PjXLs.hdf5,966
v_X1pGJqP89Nk.hdf5,6161
v_ma-A4w_7eAo.hdf5,2340
v_BAtlo_AGFWs.hdf5,2452
v_pZqX9rz3W40.hdf5,2208
v_EjiugNIf6d0.hdf5,1899
v_xfThpRE6bLc.hdf5,4980
v_SkytxdoXLs4.hdf5,4169
v_v7ND9FPFEhk.hdf5,1654
v_s0Pw7vKtqpo.hdf5,5108
v_q5thIuCSTkk.hdf5,2217
v_7oeFpnRCJkY.hdf5,209
v_r9vcB6tc1mM.hdf5,4577
v_v5i_NAlJX1Y.hdf5,1125
v_5rlLaok_U5M.hdf5,2045
v_q_AQim3WN3g.hdf5,4541
v_7I6v9c00aRA.hdf5,917
v_y-X0DjEHD_k.hdf5,2136
v_gh0GD6OvLHE.hdf5,479
v_EBhAGOXvPcA.hdf5,2387
v_5JkN8t5k0jU.hdf5,1246
v_IGamNJ5yIh4.hdf5,1165
v_YvPoAOrjX5I.hdf5,1875
v_Jv7AjsdOk2I.hdf5,5705
v_dmiLuqRB09U.hdf5,1700
v_S-8ogZOLiWU.hdf5,1527
v_Me3ykrZobJE.hdf5,3225
v_dojDT4CtenU.hdf5,1922
v_dVPToPJ3xEc.hdf5,4200
v_kTSuw4T-_Nk.hdf5,3552
v_0RZ5_8VD4vc.hdf5,1195
v_c1Gby2EHBzs.hdf5,623
v_Az7bzVcLMSM.hdf5,5527
v_JDg--pjY5gg.hdf5,3153
v_fVtiM88rOJI.hdf5,5259
v_lVGvv7S6oKo.hdf5,2946
v_SidTquTAtyk.hdf5,6005
v_xe_TqEhok74.hdf5,705
v_5rkAMBttgPc.hdf5,2328
v_SwQbnQX7LCQ.hdf5,4741
v_VWGV8I5byKI.hdf5,3797
v_1AZxtWKkRlo.hdf5,5790
v_zk7ZAIPkKHo.hdf5,5733
v_rrc9Ph5juXM.hdf5,5331
v_pLfUo8hHnzs.hdf5,624
v_6Zr1lLVoC4w.hdf5,1649
v_iODCh_DsGak.hdf5,5141
v_O5vpeIfQxLQ.hdf5,4755
v_lG5d8bCHLM4.hdf5,1003
v_TNVdpnrtn5A.hdf5,4707
v_PoAB1ktiNQM.hdf5,1435
v_hBLnY5MacSc.hdf5,791
v___mIAEE03bE.hdf5,6214
v_RfchfRzuV8I.hdf5,1560
v_9uZoTZsTwv0.hdf5,340
v_HbF6UM4jUDk.hdf5,6938
v_ai80XIxFqqg.hdf5,5922
v_eFbZ0_TJLE0.hdf5,3395
v_byO53jHoAwI.hdf5,4063
v_E46k4xD_fo4.hdf5,2322
v_nnWJGghixr0.hdf5,1136
v_xYW64moSLKg.hdf5,3601
v_p1yEPOr467M.hdf5,2161
v_T4g31MwZ2ds.hdf5,3751
v_W-poAYW1pb0.hdf5,4048
v_hT_4wWPNYxo.hdf5,4979
v_K90dEpCDiM0.hdf5,5228
v_aGlfi9PqRdY.hdf5,3062
v_qiT-OtAHtvk.hdf5,3787
v_uzXbaoWOm5o.hdf5,1466
v_u1VIetb75rs.hdf5,3699
v_hoYF0DhYVOI.hdf5,2155
v_yIIDIQDKVhI.hdf5,3974
v_GwZOgt1SvfM.hdf5,1655
v_YDNEa5ZOf6c.hdf5,3677
v_c7HroaL0WDc.hdf5,4302
v_oj6czGQ830c.hdf5,5564
v_1IhbkbuDPpc.hdf5,2576
v_tznMNEWglxY.hdf5,1242
v_O_e0pqEMZMw.hdf5,3347
v_CX5QUmM97DI.hdf5,6567
v_NNZKinEXYc4.hdf5,2700
v_3-9pr55kr8g.hdf5,1320
v_hzU9--vcDMY.hdf5,3731
v_rE2IiY5E8LQ.hdf5,1216
v_eg2s5lOfKGI.hdf5,1296
v_Q-879RNVOdg.hdf5,6057
v_Av0VsTxJd78.hdf5,6072
v_iaXlCCgLBdo.hdf5,906
v_s_gb6Xi_J5g.hdf5,183
v_IMto8gJvRek.hdf5,5863
v_AqTZd5HZKNI.hdf5,6120
v_4gEDonpfTeY.hdf5,5261
v_E29kZvEtOUA.hdf5,7126
v_fxxeCpqgRfk.hdf5,1935
v_W_iKlOPSDos.hdf5,2363
v_DFQi5aWn87I.hdf5,1194
v_dfgwl-_IMic.hdf5,798
v_wts5XRikF1Y.hdf5,4656
v_x9VlxLDK-VM.hdf5,3640
v_q8lLTxHen0I.hdf5,1883
v_TtrDWeSW3mg.hdf5,6118
v_XgaEYidtX6E.hdf5,5763
v_79jhPh0PzWQ.hdf5,438
v_ibKFezOKsBQ.hdf5,2468
v_goH-zdx5urM.hdf5,681
v_sP416nSD4xQ.hdf5,1700
v_-E2dqOULQgY.hdf5,2043
v_YySTmiavdMc.hdf5,1106
v_Y-2nhi8JdO8.hdf5,5604
v__AKzq9X1Aik.hdf5,792
v_zBm3FR-CCI0.hdf5,3999
v_1VmqefkNV_8.hdf5,5153
v_Vc4NSwtI5jM.hdf5,720
v_DDwBAbeGejE.hdf5,4296
v_BPpq8m93LSI.hdf5,3083
v_rbLCMaf3phk.hdf5,6445
v_s5oN3d77e50.hdf5,1793
v_HWymkBdgm1M.hdf5,3596
v_dL9mlqbG5CU.hdf5,5477
v_yYvDJjIxvS4.hdf5,2072
v_EnZgkrQFcnA.hdf5,3107
v_G_qDsLIVhaA.hdf5,752
v_qtJhNEdrF8w.hdf5,3497
v_Z3noRsTXGt4.hdf5,570
v_PQunZdghRls.hdf5,1872
v_hFtmkU7wdx4.hdf5,2626
v_0Zg-7EgFiC8.hdf5,6543
v_UYhKDweME3A.hdf5,2295
v_7_xkhnbnI7M.hdf5,7070
v_HPyLSmDjsHY.hdf5,5141
v_ieWgalZPc2g.hdf5,3967
v_jCxQQ9DMpT0.hdf5,4723
v_RnAFO7-y0kI.hdf5,1543
v_kv8lsSjfguI.hdf5,3602
v_yGO1YnMQNRI.hdf5,3076
v_O2JUUFFdWpk.hdf5,4541
v_cBAlXvu38dg.hdf5,1800
v_E1b_DF716Q4.hdf5,5359
v_LDSEEw5oUM4.hdf5,3874
v_34cQhizPKfc.hdf5,5497
v_fNPEa0Sd4hM.hdf5,2639
v_4XEowfJ-1W0.hdf5,5787
v_8dXbbJWFEJo.hdf5,950
v_Mx-rOsiQTos.hdf5,5392
v_kTf-Id-lWX8.hdf5,1798
v_yzN9jN3qncA.hdf5,3759
v_yinXvETACC4.hdf5,3797
v_5MLEO5JWRYI.hdf5,3681
v_4r6fQ5RvuGE.hdf5,2899
v_Ok3m6ExNn1M.hdf5,5072
v_IZdVPuT8Hfs.hdf5,2244
v_bULG65Ec5fo.hdf5,5104
v_SEVVSei-r6w.hdf5,359
v_Pw0ANcAM-zc.hdf5,3922
v__wITx73-BXw.hdf5,5624
v_ZbAfEWdGBzQ.hdf5,381
v_28GYivx4lyk.hdf5,92
v_GcE-0A4Titg.hdf5,1783
v_nrvB8pcrY7o.hdf5,5258
v_CMGjxw3X1dI.hdf5,1155
v_pouxwDABDrg.hdf5,6669
v_9AqHhUuE9bE.hdf5,840
v_lW4OZ8eP3ns.hdf5,1049
v_I6O3bhwQKUU.hdf5,954
v_z5bc9KKiAGI.hdf5,1216
v_vynLNpomc30.hdf5,1942
v_byiKkWjH-nw.hdf5,3173
v_deU1mGcNh1Q.hdf5,837
v_CBPGCziyRP8.hdf5,223
v_Bg9hw5K-m6Q.hdf5,1775
v_CaHsFgD2lIg.hdf5,574
v_-p7aui3nAnc.hdf5,1936
v_Lan3mtnCmlw.hdf5,1595
v_IdG3UPXRtio.hdf5,3294
v_zgdT41KjjrE.hdf5,7089
v_YF_HHxbHA18.hdf5,716
v_ByDsWCKyWlo.hdf5,6790
v_X9Z9uqrb9EY.hdf5,2110
v_icOO9whIgX8.hdf5,6221
v_h4SzYWJUqVQ.hdf5,4365
v_QakbOSMJ0AA.hdf5,4453
v_WNgI2qBvPrY.hdf5,1500
v_ofrkSTRhCE4.hdf5,3416
v_ypfWA4aDL6k.hdf5,3332
v_j30ZbXEi8sc.hdf5,4149
v_osLHgm_yuMc.hdf5,3960
v_NrlITLsd7Fk.hdf5,302
v_2ShsRSJ9cqE.hdf5,650
v_-boJqGIgV9I.hdf5,2020
v_AJ9GUwEPkdI.hdf5,1997
v_72PUOTjZpQU.hdf5,1867
v_1LdbczjQPII.hdf5,4893
v_5WCgpt2bEJw.hdf5,399
v__1CHWQx_x-o.hdf5,2666
v_WgZOr6_3VtI.hdf5,6516
v_1wLF2M60OrI.hdf5,2195
v_ncgzVLi_hlI.hdf5,7041
v_t7WI6H6UVG4.hdf5,3521
v_3UbQ0UDmbbw.hdf5,10638
v_pW6U4hxCago.hdf5,1347
v_uub0z8wJfhU.hdf5,1920
v_xUDwlT5fw_o.hdf5,2251
v_p2iL_CeHNwM.hdf5,3173
v_h2HRRkwHoKw.hdf5,2671
v_tmBTO0cA_qw.hdf5,6108
v_onFddYAkyyc.hdf5,1888
v_YniPQWUmrhg.hdf5,1587
v_ZMTi498qnPc.hdf5,3007
v_-JqLjPz-07E.hdf5,5563
v_IZCzbslH8jo.hdf5,4887
v_EpLRCz5dwb0.hdf5,797
v_TsPh4-BsCYk.hdf5,4031
v_15IRaGI4Ml0.hdf5,5509
v_DIF8qouivIU.hdf5,5566
v_tAbB24pczrs.hdf5,6246
v_Q2jdtN4-RE0.hdf5,6934
v_qumU7AgV3Mk.hdf5,3287
v_StGxFfLiYNU.hdf5,1746
v_IseUmPHr054.hdf5,4533
v_HvzJ-RJOF9Q.hdf5,2474
v_7OZHg_OOfxw.hdf5,5242
v_ZPLbrQ391jg.hdf5,4680
v_j5JTGwlcFJw.hdf5,4552
v_eRco7yXc-40.hdf5,209
v_qZk7okgCU2M.hdf5,3114
v_CHMk7efu1ro.hdf5,2287
v_escpZEdyNTI.hdf5,517
v__4S7eaL-cR8.hdf5,2778
v_oDD_TyfKjNc.hdf5,2282
v_dG_jxrIaK6w.hdf5,1201
v_X52XHYKeLiE.hdf5,5775
v_RZpbFG3j-Bo.hdf5,2408
v_8j3UI3vaC2g.hdf5,1994
v_jkZIHh5TYIg.hdf5,816
v_OixwThoO8z4.hdf5,5103
v_g7_YL5C71u8.hdf5,693
v_7OcfzMIZsxA.hdf5,4393
v_nw32dno_RcM.hdf5,873
v_s69uPXLvzIg.hdf5,2762
v_bMRx3vSVZUQ.hdf5,4389
v_3TLhUYQ8geM.hdf5,4620
v_Y7aacWy3WDo.hdf5,4332
v_EbBlHnunlSI.hdf5,3694
v_daWdp5tXqFI.hdf5,3151
v_L67RSiR2X78.hdf5,8998
v_T3A88zsRuVs.hdf5,6704
v_AF79fdkjLQw.hdf5,4662
v_o9LZZeQZ-Zc.hdf5,1967
v_hGUUlFxygmw.hdf5,6881
v_n7AaZhEOJSY.hdf5,3626
v_0PnAEoMx-v0.hdf5,2867
v_l1gyH11zqNk.hdf5,3934
v_NWbWuVtgt9Y.hdf5,5350
v_wWtOjL3U7iM.hdf5,493
v_f0hh9bwVfV0.hdf5,5111
v_mz2-lgoNz1M.hdf5,4302
v_Ox16PeB954Q.hdf5,1115
v_eM-l2d8e-CA.hdf5,4472
v_CgWVpLVd16o.hdf5,621
v_xuoWaq6XPZo.hdf5,1195
v_X2GUUIGudxs.hdf5,5640
v_9WmsYbZl1pw.hdf5,7107
v_1AEZ9fDDkz4.hdf5,2362
v_Q7R3ajucvyE.hdf5,7089
v_LKeQMeUZFso.hdf5,1175
v_qJfhu80Ldgo.hdf5,450
v_e5rZPT7BJas.hdf5,1006
v_kcB7HQPxzDM.hdf5,1926
v_nyg5Q5E2-AU.hdf5,3885
v_iId8WcbiKZI.hdf5,3140
v_EP9Ul7UdzYI.hdf5,5288
v_YeNlYRWhFzE.hdf5,6336
v_xx5TLuZmjcE.hdf5,203
v_GhvNhbL2ivg.hdf5,3765
v_hSnTYQ9osIg.hdf5,3896
v_qhjDVfcIxqk.hdf5,5406
v_RLdlDewtKbE.hdf5,2522
v_EfQtRtIFGVo.hdf5,4899
v_ODW0I_ITug0.hdf5,4792
v_o8-v0rPP06U.hdf5,3181
v_2Q0WGQbJbso.hdf5,3204
v_MAyYq3HilFc.hdf5,151
v_ZGnnFIDJjaY.hdf5,4262
